{"dice_coefficient": [0.21679790318012238, 0.4493982195854187, 0.4955458343029022, 0.5129097700119019, 0.5524773597717285, 0.5880671739578247, 0.6031675934791565, 0.6055803894996643, 0.6020916104316711, 0.6054893136024475, 0.6132156252861023, 0.6083820462226868, 0.6103100180625916, 0.6115912795066833, 0.6189811825752258, 0.611648440361023, 0.6181296110153198], "iou_metric": [0.12837502360343933, 0.2981402575969696, 0.33934545516967773, 0.3563595414161682, 0.3933594822883606, 0.4261856973171234, 0.4409167170524597, 0.44372785091400146, 0.44003209471702576, 0.44326967000961304, 0.4519043266773224, 0.44635331630706787, 0.44909924268722534, 0.4508224427700043, 0.4568452835083008, 0.45212653279304504, 0.458060085773468], "loss": [0.7829911112785339, 0.5507345795631409, 0.5042337775230408, 0.4867743253707886, 0.4475204646587372, 0.41210222244262695, 0.3967849016189575, 0.39433109760284424, 0.3976823389530182, 0.3945390284061432, 0.3869149684906006, 0.3918297588825226, 0.38973376154899597, 0.38824138045310974, 0.3809404671192169, 0.38791418075561523, 0.38199135661125183], "val_dice_coefficient": [0.06115839257836342, 0.42177438735961914, 0.29798898100852966, 0.014591001905500889, 0.3592679798603058, 0.38484787940979004, 0.4418521821498871, 0.43562233448028564, 0.44727572798728943, 0.45420148968696594, 0.4472201466560364, 0.45569881796836853, 0.4474690556526184, 0.44360095262527466, 0.45346599817276, 0.45335111021995544, 0.45530200004577637], "val_iou_metric": [0.03169571980834007, 0.2771276533603668, 0.1866452395915985, 0.007372426334768534, 0.23087602853775024, 0.2493535578250885, 0.29586759209632874, 0.2910350263118744, 0.30050209164619446, 0.3063915967941284, 0.3004414439201355, 0.3076627850532532, 0.3007314205169678, 0.2974747121334076, 0.30572351813316345, 0.30566930770874023, 0.3072929084300995], "val_loss": [0.9388441443443298, 0.578458845615387, 0.7005847096443176, 0.9853584170341492, 0.6389759182929993, 0.6133680939674377, 0.556475043296814, 0.5625396370887756, 0.5510533452033997, 0.5442101359367371, 0.5511648654937744, 0.5427303314208984, 0.5507813096046448, 0.5545954704284668, 0.5448890328407288, 0.544967532157898, 0.5430359840393066], "learning_rate": [0.0010000000474974513, 0.0010000000474974513, 0.0010000000474974513, 0.0010000000474974513, 0.00010000000474974513, 0.00010000000474974513, 1.0000000656873453e-05, 1.0000000656873453e-05, 1.0000000656873453e-05, 1.0000000656873453e-05, 1.0000000656873453e-05, 1.0000000656873453e-05, 1.0000000656873453e-05, 1.0000000656873453e-05, 1.0000001111620804e-06, 1.0000001111620804e-06, 1.000000082740371e-07]}