{"dice_coefficient": [0.2500481903553009, 0.4619692265987396, 0.5017297863960266, 0.5243707895278931, 0.5550681948661804, 0.6074553728103638, 0.628646731376648, 0.6317952275276184, 0.6475286483764648, 0.6484249234199524, 0.6594807505607605, 0.6663374900817871, 0.677739679813385, 0.6795274615287781, 0.680022656917572, 0.6815710067749023, 0.6832749843597412, 0.6846513152122498, 0.6859687566757202], "iou_metric": [0.15387701988220215, 0.3100821077823639, 0.34387534856796265, 0.3659248352050781, 0.3928292691707611, 0.44397789239883423, 0.4675258696079254, 0.47060447931289673, 0.48580777645111084, 0.4884617030620575, 0.5014300346374512, 0.5086737871170044, 0.5206732749938965, 0.5227062702178955, 0.5236576795578003, 0.5261620283126831, 0.5282993316650391, 0.528510570526123, 0.5298691987991333], "loss": [0.749748945236206, 0.538200318813324, 0.4984470009803772, 0.47552090883255005, 0.4450407922267914, 0.39242005348205566, 0.3714176416397095, 0.3680986166000366, 0.3525678515434265, 0.35165876150131226, 0.34023991227149963, 0.333797812461853, 0.32226070761680603, 0.32058829069137573, 0.3200744688510895, 0.31806159019470215, 0.31679973006248474, 0.3151742219924927, 0.31392791867256165], "val_dice_coefficient": [0.09906401485204697, 0.42482444643974304, 0.45803093910217285, 0.41571110486984253, 0.4009515941143036, 0.5139851570129395, 0.5243284702301025, 0.5369794964790344, 0.5209197402000427, 0.5808995962142944, 0.5081579089164734, 0.5612483620643616, 0.5914334654808044, 0.6134108304977417, 0.5976902842521667, 0.6059014797210693, 0.6081620454788208, 0.6117966175079346, 0.6127941012382507], "val_iou_metric": [0.055361486971378326, 0.2762032449245453, 0.3057917654514313, 0.2702797055244446, 0.2594982087612152, 0.3560652434825897, 0.3660011887550354, 0.37807145714759827, 0.3612443804740906, 0.4192829728126526, 0.35362058877944946, 0.4005126953125, 0.42966070771217346, 0.45188748836517334, 0.4359947443008423, 0.4443800747394562, 0.4466968774795532, 0.45034080743789673, 0.45142754912376404], "val_loss": [0.9004806280136108, 0.5750978589057922, 0.5412354469299316, 0.5846279859542847, 0.5977486968040466, 0.4856572449207306, 0.4747956693172455, 0.4621680974960327, 0.478687584400177, 0.4187909960746765, 0.49087923765182495, 0.43802541494369507, 0.4082306921482086, 0.3862711191177368, 0.40184494853019714, 0.3936307430267334, 0.3913985788822174, 0.38780489563941956, 0.386801153421402], "learning_rate": [0.0010000000474974513, 0.0010000000474974513, 0.0010000000474974513, 0.0010000000474974513, 0.0010000000474974513, 0.00010000000474974513, 0.00010000000474974513, 0.00010000000474974513, 0.00010000000474974513, 0.00010000000474974513, 0.00010000000474974513, 0.00010000000474974513, 1.0000000656873453e-05, 1.0000000656873453e-05, 1.0000000656873453e-05, 1.0000000656873453e-05, 1.0000001111620804e-06, 1.0000001111620804e-06, 1.000000082740371e-07]}